"Filename","TimestampPrefix","Bytes","SHA256","TrackedStatus","DuplicateTimestampStatus","DuplicateContentStatus","WorkingTreeModification"
"001_initial_schema.sql","001","19491","1E1650DF91ABC86258F29EE11ECF9F069C489B1A6B3C1523A69083375227D922","tracked","unique","unique","none"
"002_feed_triggers.sql","002","4056","42A685C9C07DAA0E40B3C80C4DCC814BE500645137C91803E2C93C096D890005","tracked","unique","unique","none"
"003_social_graph.sql","003","4816","F9BDDCF993B6B880ACFDE836945ABD78382081377FA571A0F38173335F493D0D","tracked","unique","unique","none"
"004_maison_treasury.sql","004","2964","36080D1822FDA153CA51B638F621C25B058A5B099F2D3F985C082A3BD56D9AA5","tracked","unique","unique","none"
"005_luxe_tokens.sql","005","2311","52BD2A971D2A99C812C17A00627A17EDEF94ED88680ECF93671C80EE92AFFDF8","tracked","unique","unique","none"
"006_trend_tsunami.sql","006","9309","1C237CC737C0CD7572C57CB1B3D6A4DDC4EBB3BDAF037F673377D48344E39E08","tracked","unique","unique","none"
"007_maison_districts.sql","007","10976","765F6C0E526414A348C8445BBF6D3714B67516474BF860DA85EC69F9E078D061","tracked","unique","unique","none"
"008_aurelian_ascension.sql","008","9595","E908631F606EA652F176FEDB45592939689F53A7065DEA00CD95C4AB4639CE4D","tracked","unique","unique","none"
"009_sovereign_genesis.sql","009","6427","82AA94CAD5F2C34D106C3FFC0C10EB7933C758971CB2BC097B14F4510C4E2AF6","tracked","unique","unique","none"
"010_crisis_engine.sql","010","10303","DBAE7310726A8C82ABE87175751616E93F26390427F5648D479A450C4AD20357","tracked","unique","unique","none"
"011_sovereign_talent.sql","011","15594","0F3BEDAC35FD1EF114B054ACF55EE689347A0B82D54E17680CF5DFEB0EE25D52","tracked","unique","unique","none"
"012_aurelian_gala.sql","012","21258","5A01F51AFB6BB3FC2788FD2E5EE01AFB5023E60895F8CEACCC38AA930877DA6C","tracked","unique","unique","none"
"013_the_archive.sql","013","16075","85DFC84E9A1F6C45BA5B937BF985283F3873540ECD47D0EAD6192C59C014B0F5","tracked","unique","unique","none"
"014_supply_chain.sql","014","10062","E2F77179F30149F260AB06E840712D7DF1518ACB4EDB4F5E16A26B6302A664F8","tracked","unique","unique","none"
"015_aurelian_storefront.sql","015","7438","4436E36A0BD4ADAB26F22B9B030E3A33AB3825B3B28BB07022F5359F91EAEEC0","tracked","unique","unique","none"
"016_telemetry_analytics.sql","016","18246","328BACDB6A60087B985ADF4AE13792338DF1E715A5F31CB5BC0D9E157FD0EDBC","tracked","unique","unique","none"
"017_mini_game_rewards.sql","017","10903","D0A961F64F8BC0FE961ABA8F6C91D9F546F1FAE340DDF2C940619ED0B0B2D322","tracked","unique","unique","none"
"018_onboarding_flag.sql","018","1033","F9BDA6D83C2566239D55AD63C9B014940F7F8D4683514065F8098801B7A224F5","tracked","unique","unique","none"
"019_luxe_trust_score.sql","019","9154","DD1D14B1B5139E4C920F98F7EC4796423E052695EA15D375D9DAC157531773A7","tracked","unique","unique","none"
"020_rate_limiting.sql","020","2451","E6FBD07341B63A5906CFDA7F05F034EB47155F4945659E4122B2A566E437CC5B","tracked","unique","unique","none"
"021_talent_roster_hardening.sql","021","355","E64BA45853ADD154593FA783A4C30C6FEBBEDE4E6C2BFB359445952F64F6A831","tracked","unique","unique","none"
"022_execute_power_move.sql","022","916","AA92918B27E834AA0179340F26356B330E5AA4ABC4DBCC10EF0D385DB54DB876","tracked","unique","unique","none"
"023_system_feed_posts.sql","023","452","58B75DF035FCA6B6084289DDAE5C126A89BBB9291EF2A3CA93632D7F091AB034","tracked","unique","unique","none"
"024_daily_revenue_view.sql","024","319","648DB07F3184508E3EC7F31A1935EFA238BB04DAC6F45FF6A3654223EA33E8C5","tracked","unique","unique","none"
"025_platform_auth_mappings.sql","025","807","B9A7E7E4BA9D23E8B75B5F63C2E5B8950115D0F0FD39316C144FE35716AF16ED","tracked","unique","unique","none"
"026_player_report_columns.sql","026","306","4FD10D736D0A4ADFA6ED5CB32ED93749E5573E6D84AE16832C52A29C6EEB7650","tracked","unique","unique","none"
"027_security_hardening.sql","027","25510","4089395B40CB00070F32C4C6F649E8CA09551760BA85A4FC71D169DCDD47AD89","tracked","unique","unique","none"
"028_schema_drift_repair.sql","028","4631","1C3DF8ADA1902050A107E7BEB500CADE6E613614C6932091CAFF708304AF8121","tracked","unique","unique","none"
"029_feed_interactions.sql","029","8072","CD8CB899F3392C23A7CFB950140B194F917883225E27D1C7FFF0E42126CEF239","tracked","unique","unique","none"
"20260526104903_closed_alpha_public_rpc_lockdown.sql","20260526104903","20456","BCB73AE5A3242610A26B4251717C60E3589622543AFAA47766F1636DC7480592","tracked","unique","unique","none"
"20260526123543_edge_feed_actions.sql","20260526123543","12432","3EA40DE9FB2961F67850BF74718215B598ED006E142650B77A4BB1276C2932F8","tracked","unique","unique","none"
"20260527032841_inspiration_permissions.sql","20260527032841","17184","530EF38CDC88028452886C6D74E39A2B3AD1715FFC8E9E3B023FF9367F36077D","tracked","unique","unique","none"
"20260602110000_post_drop_progression.sql","20260602110000","8213","936845ACD2CB52F8724DDCF92D0422D584107E78A83257A385A6C03B88371AB8","tracked","unique","unique","none"
"20260602113000_post_drop_direct_write_lockdown.sql","20260602113000","690","091BECEC47662CA12DF1A20B67DB14396D970A31086168CAEEDECFC1FC57D00C","tracked","unique","unique","none"
"20260607132559_post_drop_client_privilege_hardening.sql","20260607132559","398","E1627A2755B3A348A3F7123E63CF8633064E478FB0AA98E7349C2B0892941F72","tracked","unique","unique","none"
"20260607133004_repair_linted_rpc_schema_drift.sql","20260607133004","13131","71D5E8CF6F18B200090EDD5FB9EADB09A88D3FC6FE1B9DEBE29B7B55034824BA","tracked","unique","unique","none"
"20260607133814_disable_legacy_alpha_mint_feed_trigger.sql","20260607133814","562","C72F446D84696CAA04DD750852B6F5B4D77DCC20AE0D0693D279CD65FD7823E2","tracked","unique","unique","none"
"20260618063958_security_hardening_pass_1_execution.sql","20260618063958","28273","AC8EFE80BB5370D30A9C39235F97B1130D64BAD5B69D81EDCF565CE6D8923C23","tracked","unique","unique","none"
"20260618070214_repair_remaining_linted_security_functions.sql","20260618070214","2566","8039C303FFA98A1355EBBAF85134DA7EF7831AB8439C5C08793D382766698EF4","tracked","unique","unique","none"
"20260618070433_edge_rate_limit_enforcement.sql","20260618070433","2089","AA8862D8A4E5717F4C273A086600FFBA5DCDC233EA6BA9734734E7DA60CE6B38","tracked","unique","unique","none"
"20260622113000_harden_kintsugi_cost_authority.sql","20260622113000","2290","A6352B7FBB26E1F079CA06CC2A180BDE2795145A4F0796BF6FE9AB81EDDC90DB","tracked","unique","unique","none"
"20260622114500_harden_player_reports.sql","20260622114500","3300","EF1E38E5EBC2879D94B4D41E7F179E6ACDB9586B13FAC9DBDA3C0EC1DBE9101C","tracked","unique","unique","none"
"20260622120000_restrict_player_report_grants.sql","20260622120000","343","D4F2D37515371410DD0D382EE0D6CA06BADAC283FBD2AEE49B07CC7F2F98AAAD","tracked","unique","unique","none"
"20260622121500_index_player_report_targets.sql","20260622121500","299","7E48C516F3B758D7CFFBD8E00E6A1CCADDAC50078C5E89583F603E4AA5D03136","tracked","unique","unique","none"
"20260622123000_retire_standalone_staff_supplier_games.sql","20260622123000","1299","50B1A3E576BEBCD12BB139B39A7E60CDC9D6041CD3652EAC8DF0F5B63205231A","tracked","unique","unique","none"
"20260703001117_first_loop_rank_progression.sql","20260703001117","9889","1C87DAEC3E1C158607E75FE120A53BCB4D24058E3EB9DFDC15430B93D3178AB4","tracked","unique","unique","none"
"20260703001633_first_loop_open_first_store.sql","20260703001633","3311","FDF78137EA9610C99BA8106637FFD1D86B322F9CC84FA5E200677D5F4EE8BAE7","tracked","unique","unique","none"
"20260705161524_restrict_direct_message_read_updates.sql","20260705161524","433","23559C277428406ED65589143A24BE75D2526FBA407E7703D1641DE98301CB71","tracked","unique","unique","none"
"20260713122917_vertical_slice_first_hour.sql","20260713122917","17377","36B511C15DE3F103DDD1984E2818769F75281904E76A8A14DAD45A364EF1EE6B","tracked","unique","unique","none"
"20260714183621_restrict_platform_auth_mapping_writes.sql","20260714183621","1260","D74BA643DEA808C1D734418953B2B495C3F33EDEBB9328FEECA4A08A90E2ADDF","tracked","unique","unique","none"
"20260718072833_immediate_authority_containment.sql","20260718072833","8165","015363B5205A35A486B29CE3BE26DA0D74DF393E35D61F5A7F77708AA3EF8F02","tracked","unique","unique","none"
"20260719140111_restrict_anonymous_platform_mapping_access.sql","20260719140111","1434","7F52058C8BEC762D2BCC53C25A637150ED9B906FA4276AD9E2F94B1AF9B12A26","tracked","unique","unique","none"
"20260719143057_m3a1_authority_containment_reimplementation.sql","20260719143057","9523","5865397E241CC42BDE9719BD424AD8D7E5ADD432FFE99CBD41115D59BD8DF62D","tracked","unique","unique","none"
"20260719180512_quarantine_functional_casting.sql","20260719180512","1926","867C633F8F0DCB0A2CBC753AA961FD730C64E1ED9CA04CE9C5BF1CD0E695824B","tracked","unique","unique","none"
"20260721120635_revoke_legacy_client_authority.sql","20260721120635","27042","E177F914649C7895A6B9BFB58E4EB7D6D2FECAA600DCACCC2159411B540803A6","tracked","unique","unique","none"
"20260721120638_api_schema_boundary.sql","20260721120638","6062","BEA202137D90F72EB7B9DEFA75D2D4C004FFF8CA7ADF35B4B2D0BB062BCB919D","tracked","unique","unique","none"
"20260722151802_kingston_early_game_api_contract.sql","20260722151802","49595","390129920282D771B92E1CBF3BE3329EB5992BCAC4960918D1DB4641045E4BDB","tracked","unique","unique","none"
"20260722190000_gdd_v7_kingston_authority_corrections.sql","20260722190000","37142","02FED2629D2C718AB2F1F17B9F82142FD8FC83FB4BFFF4136002242345F5EB72","tracked","unique","unique","none"
"20260726185809_kingston_founder_trial_state_machine.sql","20260726185809","11339","B9008E65B100ED147B8CFB56AD024E7C04AF4F1ECC60CE48F8B49989B54E113D","untracked-approved-wave-2a","unique","unique","new-approved-wave-2a"
"20260726193612_quarantine_legacy_power_move_functions.sql","20260726193612","544","18360939F4A53918061B0CEDAFE3A8A8929974A6C63A7A7C340FEBBF93FB5290","untracked-approved-wave-2a","unique","unique","new-approved-wave-2a"
"20260726231214_kingston_capsule_foundation.sql","20260726231214","13047","750541BE26B70E42ABABDC0DC7A82775172B7840796DBFEA21716A45509B8CE7","untracked-approved-wave-2a","unique","unique","new-approved-wave-2a"
